market_id,interval,open_time,close_time,open_price,high_price,low_price,close_price,volume,quote_volume,trade_count,taker_buy_base_volume,taker_buy_quote_volume,inserted_at
297,5m,2025-05-01 00:00:00.000000 +00:00,2025-05-01 00:04:59.999000 +00:00,0.6816000000,0.6832000000,0.6814000000,0.6830000000,228935.2000000000,156141.7005400000,625,137371.5000000000,93723.3998300000,2026-01-06 08:50:45.802252 +00:00
297,5m,2025-05-01 00:05:00.000000 +00:00,2025-05-01 00:09:59.999000 +00:00,0.6830000000,0.6838000000,0.6823000000,0.6838000000,66722.8000000000,45572.0015400000,462,34767.2000000000,23752.8583900000,2026-01-06 08:50:45.802252 +00:00
297,5m,2025-05-01 00:10:00.000000 +00:00,2025-05-01 00:14:59.999000 +00:00,0.6838000000,0.6849000000,0.6838000000,0.6843000000,227400.5000000000,155627.8031500000,565,134531.7000000000,92067.1393800000,2026-01-06 08:50:45.802252 +00:00
297,5m,2025-05-01 00:15:00.000000 +00:00,2025-05-01 00:19:59.999000 +00:00,0.6844000000,0.6853000000,0.6842000000,0.6853000000,142240.6000000000,97409.1484100000,535,39331.4000000000,26935.4502700000,2026-01-06 08:50:45.802252 +00:00
297,5m,2025-05-01 00:20:00.000000 +00:00,2025-05-01 00:24:59.999000 +00:00,0.6854000000,0.6858000000,0.6845000000,0.6856000000,71141.3000000000,48751.2311000000,371,31494.1000000000,21579.8239900000,2026-01-06 08:50:45.802252 +00:00
297,5m,2025-05-01 00:25:00.000000 +00:00,2025-05-01 00:29:59.999000 +00:00,0.6856000000,0.6864000000,0.6852000000,0.6854000000,72119.7000000000,49447.0779700000,353,36259.8000000000,24864.6479900000,2026-01-06 08:50:45.802252 +00:00
297,5m,2025-05-01 00:30:00.000000 +00:00,2025-05-01 00:34:59.999000 +00:00,0.6853000000,0.6857000000,0.6845000000,0.6856000000,80686.8000000000,55287.8637500000,447,24562.6000000000,16828.6367200000,2026-01-06 08:50:45.802252 +00:00
297,5m,2025-05-01 00:35:00.000000 +00:00,2025-05-01 00:39:59.999000 +00:00,0.6855000000,0.6860000000,0.6849000000,0.6854000000,107849.4000000000,73945.7204900000,347,70956.8000000000,48658.7523400000,2026-01-06 08:50:45.802252 +00:00
297,5m,2025-05-01 00:40:00.000000 +00:00,2025-05-01 00:44:59.999000 +00:00,0.6855000000,0.6859000000,0.6852000000,0.6855000000,155208.9000000000,106416.0805300000,334,50653.4000000000,34731.0762200000,2026-01-06 08:50:45.802252 +00:00
297,5m,2025-05-01 00:45:00.000000 +00:00,2025-05-01 00:49:59.999000 +00:00,0.6855000000,0.6869000000,0.6854000000,0.6862000000,194191.5000000000,133271.5856900000,478,120562.4000000000,82737.8543000000,2026-01-06 08:50:45.802252 +00:00
297,5m,2025-05-01 00:50:00.000000 +00:00,2025-05-01 00:54:59.999000 +00:00,0.6862000000,0.6872000000,0.6859000000,0.6867000000,227108.0000000000,155980.6375900000,425,135248.1000000000,92882.5257000000,2026-01-06 08:50:45.802252 +00:00
297,5m,2025-05-01 00:55:00.000000 +00:00,2025-05-01 00:59:59.999000 +00:00,0.6867000000,0.6867000000,0.6855000000,0.6857000000,127230.2000000000,87282.5901600000,388,28413.8000000000,19493.0881900000,2026-01-06 08:50:45.802252 +00:00
297,5m,2025-05-01 01:00:00.000000 +00:00,2025-05-01 01:04:59.999000 +00:00,0.6858000000,0.6883000000,0.6856000000,0.6882000000,220161.4000000000,151316.2923000000,556,206286.2000000000,141777.3415200000,2026-01-06 08:50:45.802252 +00:00
297,5m,2025-05-01 01:05:00.000000 +00:00,2025-05-01 01:09:59.999000 +00:00,0.6883000000,0.6892000000,0.6878000000,0.6883000000,374513.0000000000,257863.6612700000,728,260691.7000000000,179507.9438200000,2026-01-06 08:50:45.802252 +00:00
297,5m,2025-05-01 01:10:00.000000 +00:00,2025-05-01 01:14:59.999000 +00:00,0.6883000000,0.6884000000,0.6875000000,0.6881000000,66047.1000000000,45430.1889700000,384,44567.5000000000,30655.3809500000,2026-01-06 08:50:45.802252 +00:00
297,5m,2025-05-01 01:15:00.000000 +00:00,2025-05-01 01:19:59.999000 +00:00,0.6881000000,0.6894000000,0.6879000000,0.6879000000,295783.2000000000,203744.7185400000,677,182810.4000000000,125928.0090700000,2026-01-06 08:50:45.802252 +00:00
297,5m,2025-05-01 01:20:00.000000 +00:00,2025-05-01 01:24:59.999000 +00:00,0.6879000000,0.6888000000,0.6870000000,0.6872000000,255687.3000000000,175892.4672200000,662,130492.4000000000,89796.0906800000,2026-01-06 08:50:45.802252 +00:00
297,5m,2025-05-01 01:25:00.000000 +00:00,2025-05-01 01:29:59.999000 +00:00,0.6871000000,0.6872000000,0.6863000000,0.6863000000,70483.2000000000,48405.9863500000,360,27049.8000000000,18576.2456800000,2026-01-06 08:50:45.802252 +00:00
297,5m,2025-05-01 01:30:00.000000 +00:00,2025-05-01 01:34:59.999000 +00:00,0.6863000000,0.6875000000,0.6858000000,0.6875000000,172061.6000000000,118183.0718600000,392,116917.1000000000,80332.0318100000,2026-01-06 08:50:45.802252 +00:00
297,5m,2025-05-01 01:35:00.000000 +00:00,2025-05-01 01:39:59.999000 +00:00,0.6874000000,0.6888000000,0.6874000000,0.6874000000,295859.0000000000,203525.2060800000,569,179474.5000000000,123475.5442000000,2026-01-06 08:50:45.802252 +00:00
297,5m,2025-05-01 01:40:00.000000 +00:00,2025-05-01 01:44:59.999000 +00:00,0.6874000000,0.6884000000,0.6868000000,0.6882000000,146171.8000000000,100523.0287100000,641,87480.0000000000,60158.5409300000,2026-01-06 08:50:45.802252 +00:00
297,5m,2025-05-01 01:45:00.000000 +00:00,2025-05-01 01:49:59.999000 +00:00,0.6881000000,0.6881000000,0.6867000000,0.6868000000,67027.5000000000,46054.0197900000,487,28820.2000000000,19804.7344700000,2026-01-06 08:50:45.802252 +00:00
297,5m,2025-05-01 01:50:00.000000 +00:00,2025-05-01 01:54:59.999000 +00:00,0.6868000000,0.6885000000,0.6868000000,0.6885000000,124601.2000000000,85716.5367500000,496,88933.8000000000,61182.9953700000,2026-01-06 08:50:45.802252 +00:00
297,5m,2025-05-01 01:55:00.000000 +00:00,2025-05-01 01:59:59.999000 +00:00,0.6886000000,0.6892000000,0.6883000000,0.6892000000,248845.4000000000,171410.8478400000,428,217191.0000000000,149613.0646200000,2026-01-06 08:50:45.802252 +00:00
297,5m,2025-05-01 02:00:00.000000 +00:00,2025-05-01 02:04:59.999000 +00:00,0.6891000000,0.6895000000,0.6888000000,0.6894000000,164730.4000000000,113540.5232000000,470,128834.4000000000,88802.3316700000,2026-01-06 08:50:45.802252 +00:00
297,5m,2025-05-01 02:05:00.000000 +00:00,2025-05-01 02:09:59.999000 +00:00,0.6893000000,0.6917000000,0.6891000000,0.6911000000,1007827.6000000000,696399.1658400000,1659,659976.6000000000,455905.3627000000,2026-01-06 08:50:45.802252 +00:00
297,5m,2025-05-01 02:10:00.000000 +00:00,2025-05-01 02:14:59.999000 +00:00,0.6911000000,0.6922000000,0.6900000000,0.6904000000,417160.6000000000,288467.8024100000,878,188545.4000000000,130389.2099100000,2026-01-06 08:50:45.802252 +00:00
297,5m,2025-05-01 02:15:00.000000 +00:00,2025-05-01 02:19:59.999000 +00:00,0.6904000000,0.6922000000,0.6904000000,0.6920000000,172045.0000000000,118986.8528200000,605,128078.2000000000,88573.8852400000,2026-01-06 08:50:45.802252 +00:00
297,5m,2025-05-01 02:20:00.000000 +00:00,2025-05-01 02:24:59.999000 +00:00,0.6920000000,0.6929000000,0.6917000000,0.6918000000,278168.4000000000,192568.8722700000,743,138721.0000000000,96040.9628900000,2026-01-06 08:50:45.802252 +00:00
297,5m,2025-05-01 02:25:00.000000 +00:00,2025-05-01 02:29:59.999000 +00:00,0.6917000000,0.6926000000,0.6915000000,0.6922000000,158351.1000000000,109618.9098800000,473,85794.8000000000,59386.5651300000,2026-01-06 08:50:45.802252 +00:00
297,5m,2025-05-01 02:30:00.000000 +00:00,2025-05-01 02:34:59.999000 +00:00,0.6922000000,0.6925000000,0.6912000000,0.6913000000,142602.2000000000,98627.5824700000,467,59611.8000000000,41224.7424600000,2026-01-06 08:50:45.802252 +00:00
297,5m,2025-05-01 02:35:00.000000 +00:00,2025-05-01 02:39:59.999000 +00:00,0.6913000000,0.6932000000,0.6913000000,0.6923000000,208280.4000000000,144222.6508300000,666,135645.9000000000,93923.8442900000,2026-01-06 08:50:45.802252 +00:00
297,5m,2025-05-01 02:40:00.000000 +00:00,2025-05-01 02:44:59.999000 +00:00,0.6924000000,0.6925000000,0.6903000000,0.6906000000,311307.3000000000,215088.5479500000,720,81802.5000000000,56525.0539700000,2026-01-06 08:50:45.802252 +00:00
297,5m,2025-05-01 02:45:00.000000 +00:00,2025-05-01 02:49:59.999000 +00:00,0.6907000000,0.6910000000,0.6895000000,0.6896000000,145185.1000000000,100250.5532000000,565,72155.8000000000,49837.5125000000,2026-01-06 08:50:45.802252 +00:00
297,5m,2025-05-01 02:50:00.000000 +00:00,2025-05-01 02:54:59.999000 +00:00,0.6895000000,0.6900000000,0.6889000000,0.6895000000,428073.3000000000,295113.5452000000,724,175488.0000000000,120992.4764100000,2026-01-06 08:50:45.802252 +00:00
297,5m,2025-05-01 02:55:00.000000 +00:00,2025-05-01 02:59:59.999000 +00:00,0.6895000000,0.6899000000,0.6875000000,0.6877000000,265019.2000000000,182385.8366500000,653,103969.9000000000,71566.4187700000,2026-01-06 08:50:45.802252 +00:00
297,5m,2025-05-01 03:00:00.000000 +00:00,2025-05-01 03:04:59.999000 +00:00,0.6877000000,0.6899000000,0.6874000000,0.6898000000,223436.9000000000,153879.8504200000,581,197184.5000000000,135811.1706200000,2026-01-06 08:50:45.802252 +00:00
297,5m,2025-05-01 03:05:00.000000 +00:00,2025-05-01 03:09:59.999000 +00:00,0.6899000000,0.6917000000,0.6896000000,0.6911000000,477048.5000000000,329518.1396200000,873,315596.2000000000,217956.7652400000,2026-01-06 08:50:45.802252 +00:00
297,5m,2025-05-01 03:10:00.000000 +00:00,2025-05-01 03:14:59.999000 +00:00,0.6911000000,0.6927000000,0.6900000000,0.6900000000,388199.1000000000,268546.9839500000,1094,194995.6000000000,134945.2652300000,2026-01-06 08:50:45.802252 +00:00
297,5m,2025-05-01 03:15:00.000000 +00:00,2025-05-01 03:19:59.999000 +00:00,0.6900000000,0.6909000000,0.6893000000,0.6893000000,100686.1000000000,69490.2624000000,445,42789.1000000000,29534.1740800000,2026-01-06 08:50:45.802252 +00:00
297,5m,2025-05-01 03:20:00.000000 +00:00,2025-05-01 03:24:59.999000 +00:00,0.6892000000,0.6914000000,0.6892000000,0.6911000000,206675.2000000000,142793.8010800000,572,69544.6000000000,48058.2347400000,2026-01-06 08:50:45.802252 +00:00
297,5m,2025-05-01 03:25:00.000000 +00:00,2025-05-01 03:29:59.999000 +00:00,0.6911000000,0.6916000000,0.6911000000,0.6912000000,54214.8000000000,37483.2512200000,270,31383.5000000000,21699.5895800000,2026-01-06 08:50:45.802252 +00:00
297,5m,2025-05-01 03:30:00.000000 +00:00,2025-05-01 03:34:59.999000 +00:00,0.6911000000,0.6920000000,0.6903000000,0.6914000000,133519.5000000000,92253.6103300000,541,49230.9000000000,34013.7794600000,2026-01-06 08:50:45.802252 +00:00
297,5m,2025-05-01 03:35:00.000000 +00:00,2025-05-01 03:39:59.999000 +00:00,0.6914000000,0.6926000000,0.6911000000,0.6913000000,150606.9000000000,104231.4076100000,427,116318.6000000000,80501.0017400000,2026-01-06 08:50:45.802252 +00:00
297,5m,2025-05-01 03:40:00.000000 +00:00,2025-05-01 03:44:59.999000 +00:00,0.6913000000,0.6914000000,0.6901000000,0.6906000000,106700.1000000000,73711.2068600000,610,31817.7000000000,21980.9925700000,2026-01-06 08:50:45.802252 +00:00
297,5m,2025-05-01 03:45:00.000000 +00:00,2025-05-01 03:49:59.999000 +00:00,0.6906000000,0.6906000000,0.6888000000,0.6891000000,99821.2000000000,68827.8915500000,471,10063.8000000000,6935.7643000000,2026-01-06 08:50:45.802252 +00:00
297,5m,2025-05-01 03:50:00.000000 +00:00,2025-05-01 03:54:59.999000 +00:00,0.6892000000,0.6896000000,0.6880000000,0.6881000000,115249.3000000000,79366.0063600000,495,63118.4000000000,43465.6803400000,2026-01-06 08:50:45.802252 +00:00
297,5m,2025-05-01 03:55:00.000000 +00:00,2025-05-01 03:59:59.999000 +00:00,0.6880000000,0.6890000000,0.6877000000,0.6888000000,116898.4000000000,80466.3683200000,426,28296.7000000000,19482.6265900000,2026-01-06 08:50:45.802252 +00:00
297,5m,2025-05-01 04:00:00.000000 +00:00,2025-05-01 04:04:59.999000 +00:00,0.6888000000,0.6892000000,0.6872000000,0.6877000000,100105.5000000000,68849.4161100000,522,48525.5000000000,33384.2692900000,2026-01-06 08:50:45.802252 +00:00
297,5m,2025-05-01 04:05:00.000000 +00:00,2025-05-01 04:09:59.999000 +00:00,0.6878000000,0.6890000000,0.6874000000,0.6883000000,49997.0000000000,34409.6428500000,337,17667.7000000000,12159.6682500000,2026-01-06 08:50:45.802252 +00:00
297,5m,2025-05-01 04:10:00.000000 +00:00,2025-05-01 04:14:59.999000 +00:00,0.6883000000,0.6892000000,0.6882000000,0.6883000000,178898.9000000000,123190.9632500000,426,56328.0000000000,38793.5964200000,2026-01-06 08:50:45.802252 +00:00
297,5m,2025-05-01 04:15:00.000000 +00:00,2025-05-01 04:19:59.999000 +00:00,0.6884000000,0.6885000000,0.6861000000,0.6862000000,214552.0000000000,147368.6414600000,515,37119.0000000000,25507.2952600000,2026-01-06 08:50:45.802252 +00:00
297,5m,2025-05-01 04:20:00.000000 +00:00,2025-05-01 04:24:59.999000 +00:00,0.6861000000,0.6870000000,0.6861000000,0.6865000000,61120.1000000000,41959.8527300000,306,26371.0000000000,18105.8206900000,2026-01-06 08:50:45.802252 +00:00
297,5m,2025-05-01 04:25:00.000000 +00:00,2025-05-01 04:29:59.999000 +00:00,0.6864000000,0.6866000000,0.6853000000,0.6853000000,101163.3000000000,69379.7197500000,390,19955.0000000000,13684.0408800000,2026-01-06 08:50:45.802252 +00:00
297,5m,2025-05-01 04:30:00.000000 +00:00,2025-05-01 04:34:59.999000 +00:00,0.6854000000,0.6857000000,0.6848000000,0.6854000000,228601.6000000000,156632.7202300000,414,57264.3000000000,39242.6884900000,2026-01-06 08:50:45.802252 +00:00
297,5m,2025-05-01 04:35:00.000000 +00:00,2025-05-01 04:39:59.999000 +00:00,0.6853000000,0.6856000000,0.6848000000,0.6853000000,134112.8000000000,91909.4019300000,261,46987.5000000000,32209.7705600000,2026-01-06 08:50:45.802252 +00:00
297,5m,2025-05-01 04:40:00.000000 +00:00,2025-05-01 04:44:59.999000 +00:00,0.6852000000,0.6863000000,0.6851000000,0.6862000000,211339.8000000000,144916.9934600000,489,157529.0000000000,108015.1495500000,2026-01-06 08:50:45.802252 +00:00
297,5m,2025-05-01 04:45:00.000000 +00:00,2025-05-01 04:49:59.999000 +00:00,0.6861000000,0.6867000000,0.6856000000,0.6862000000,64154.6000000000,44016.3077100000,411,47057.6000000000,32283.2898600000,2026-01-06 08:50:45.802252 +00:00
297,5m,2025-05-01 04:50:00.000000 +00:00,2025-05-01 04:54:59.999000 +00:00,0.6862000000,0.6867000000,0.6858000000,0.6866000000,81084.9000000000,55643.4508900000,290,65558.9000000000,44990.5272600000,2026-01-06 08:50:45.802252 +00:00
297,5m,2025-05-01 04:55:00.000000 +00:00,2025-05-01 04:59:59.999000 +00:00,0.6866000000,0.6878000000,0.6866000000,0.6878000000,50649.3000000000,34813.3896800000,266,35170.7000000000,24172.8026400000,2026-01-06 08:50:45.802252 +00:00
297,5m,2025-05-01 05:00:00.000000 +00:00,2025-05-01 05:04:59.999000 +00:00,0.6879000000,0.6888000000,0.6872000000,0.6872000000,84088.1000000000,57884.4114200000,401,33633.2000000000,23154.3450600000,2026-01-06 08:50:45.802252 +00:00
297,5m,2025-05-01 05:05:00.000000 +00:00,2025-05-01 05:09:59.999000 +00:00,0.6872000000,0.6888000000,0.6868000000,0.6887000000,55565.1000000000,38200.7047200000,400,33132.6000000000,22777.0002600000,2026-01-06 08:50:45.802252 +00:00
297,5m,2025-05-01 05:10:00.000000 +00:00,2025-05-01 05:14:59.999000 +00:00,0.6886000000,0.6897000000,0.6885000000,0.6891000000,181106.5000000000,124805.0917900000,334,136829.2000000000,94294.8040300000,2026-01-06 08:50:45.802252 +00:00
297,5m,2025-05-01 05:15:00.000000 +00:00,2025-05-01 05:19:59.999000 +00:00,0.6892000000,0.6912000000,0.6892000000,0.6910000000,323059.0000000000,223061.5149500000,679,169226.5000000000,116823.8426500000,2026-01-06 08:50:45.802252 +00:00
297,5m,2025-05-01 05:20:00.000000 +00:00,2025-05-01 05:24:59.999000 +00:00,0.6910000000,0.6922000000,0.6908000000,0.6913000000,111177.7000000000,76893.4689400000,496,50555.6000000000,34966.5719700000,2026-01-06 08:50:45.802252 +00:00
297,5m,2025-05-01 05:25:00.000000 +00:00,2025-05-01 05:29:59.999000 +00:00,0.6913000000,0.6920000000,0.6906000000,0.6919000000,105263.3000000000,72790.3656900000,418,52203.2000000000,36103.2483800000,2026-01-06 08:50:45.802252 +00:00
297,5m,2025-05-01 05:30:00.000000 +00:00,2025-05-01 05:34:59.999000 +00:00,0.6919000000,0.6924000000,0.6909000000,0.6923000000,146468.0000000000,101339.2567500000,513,108927.3000000000,75370.2543700000,2026-01-06 08:50:45.802252 +00:00
297,5m,2025-05-01 05:35:00.000000 +00:00,2025-05-01 05:39:59.999000 +00:00,0.6923000000,0.6933000000,0.6923000000,0.6924000000,324503.3000000000,224831.2256100000,752,184672.8000000000,127961.2394300000,2026-01-06 08:50:45.802252 +00:00
297,5m,2025-05-01 05:40:00.000000 +00:00,2025-05-01 05:44:59.999000 +00:00,0.6924000000,0.6932000000,0.6913000000,0.6924000000,298499.8000000000,206693.1364900000,856,139632.1000000000,96705.0046100000,2026-01-06 08:50:45.802252 +00:00
297,5m,2025-05-01 05:45:00.000000 +00:00,2025-05-01 05:49:59.999000 +00:00,0.6924000000,0.6936000000,0.6914000000,0.6918000000,133896.1000000000,92748.3602600000,642,68338.5000000000,47344.4246400000,2026-01-06 08:50:45.802252 +00:00
297,5m,2025-05-01 05:50:00.000000 +00:00,2025-05-01 05:54:59.999000 +00:00,0.6917000000,0.6923000000,0.6914000000,0.6920000000,60643.7000000000,41961.1330500000,430,29330.4000000000,20296.1090100000,2026-01-06 08:50:45.802252 +00:00
297,5m,2025-05-01 05:55:00.000000 +00:00,2025-05-01 05:59:59.999000 +00:00,0.6921000000,0.6928000000,0.6916000000,0.6928000000,159282.8000000000,110263.8649500000,475,83794.8000000000,58002.3488800000,2026-01-06 08:50:45.802252 +00:00
297,5m,2025-05-01 06:00:00.000000 +00:00,2025-05-01 06:04:59.999000 +00:00,0.6927000000,0.6929000000,0.6913000000,0.6915000000,161681.2000000000,111942.0416100000,570,92722.5000000000,64199.0613000000,2026-01-06 08:50:45.802252 +00:00
297,5m,2025-05-01 06:05:00.000000 +00:00,2025-05-01 06:09:59.999000 +00:00,0.6916000000,0.6916000000,0.6901000000,0.6903000000,147280.8000000000,101707.9016100000,395,40494.5000000000,27968.0894100000,2026-01-06 08:50:45.802252 +00:00
297,5m,2025-05-01 06:10:00.000000 +00:00,2025-05-01 06:14:59.999000 +00:00,0.6904000000,0.6908000000,0.6900000000,0.6903000000,98279.0000000000,67842.0876100000,306,51615.8000000000,35628.5233500000,2026-01-06 08:50:45.802252 +00:00
297,5m,2025-05-01 06:15:00.000000 +00:00,2025-05-01 06:19:59.999000 +00:00,0.6903000000,0.6910000000,0.6895000000,0.6899000000,196023.8000000000,135305.7437500000,514,98416.1000000000,67947.4569700000,2026-01-06 08:50:45.802252 +00:00
297,5m,2025-05-01 06:20:00.000000 +00:00,2025-05-01 06:24:59.999000 +00:00,0.6899000000,0.6901000000,0.6896000000,0.6899000000,30295.5000000000,20902.2016800000,256,13755.5000000000,9490.6015700000,2026-01-06 08:50:45.802252 +00:00
297,5m,2025-05-01 06:25:00.000000 +00:00,2025-05-01 06:29:59.999000 +00:00,0.6898000000,0.6904000000,0.6897000000,0.6903000000,75439.4000000000,52061.1250100000,269,28723.9000000000,19823.4296900000,2026-01-06 08:50:45.802252 +00:00
297,5m,2025-05-01 06:30:00.000000 +00:00,2025-05-01 06:34:59.999000 +00:00,0.6904000000,0.6906000000,0.6894000000,0.6903000000,152811.5000000000,105405.5042400000,382,30478.3000000000,21027.2393500000,2026-01-06 08:50:45.802252 +00:00
297,5m,2025-05-01 06:35:00.000000 +00:00,2025-05-01 06:39:59.999000 +00:00,0.6902000000,0.6906000000,0.6895000000,0.6897000000,34290.6000000000,23661.7430100000,246,17551.9000000000,12110.7179600000,2026-01-06 08:50:45.802252 +00:00
297,5m,2025-05-01 06:40:00.000000 +00:00,2025-05-01 06:44:59.999000 +00:00,0.6898000000,0.6898000000,0.6888000000,0.6891000000,189915.4000000000,130903.6083300000,426,115764.5000000000,79799.5901400000,2026-01-06 08:50:45.802252 +00:00
297,5m,2025-05-01 06:45:00.000000 +00:00,2025-05-01 06:49:59.999000 +00:00,0.6891000000,0.6900000000,0.6888000000,0.6893000000,167755.0000000000,115605.4653000000,518,45321.8000000000,31237.4243500000,2026-01-06 08:50:45.802252 +00:00
297,5m,2025-05-01 06:50:00.000000 +00:00,2025-05-01 06:54:59.999000 +00:00,0.6893000000,0.6900000000,0.6889000000,0.6900000000,171836.0000000000,118450.4135600000,511,76068.6000000000,52445.5446900000,2026-01-06 08:50:45.802252 +00:00
297,5m,2025-05-01 06:55:00.000000 +00:00,2025-05-01 06:59:59.999000 +00:00,0.6900000000,0.6907000000,0.6898000000,0.6904000000,61524.0000000000,42468.2889200000,289,37376.8000000000,25795.9991400000,2026-01-06 08:50:45.802252 +00:00
297,5m,2025-05-01 07:00:00.000000 +00:00,2025-05-01 07:04:59.999000 +00:00,0.6903000000,0.6903000000,0.6888000000,0.6899000000,37824.6000000000,26079.4937500000,331,15053.5000000000,10377.2458100000,2026-01-06 08:50:45.802252 +00:00
297,5m,2025-05-01 07:05:00.000000 +00:00,2025-05-01 07:09:59.999000 +00:00,0.6899000000,0.6910000000,0.6899000000,0.6910000000,69527.1000000000,48008.5394500000,305,53929.9000000000,37240.0893900000,2026-01-06 08:50:45.802252 +00:00
297,5m,2025-05-01 07:10:00.000000 +00:00,2025-05-01 07:14:59.999000 +00:00,0.6909000000,0.6911000000,0.6906000000,0.6909000000,56455.4000000000,39004.5417600000,192,37908.7000000000,26191.0711800000,2026-01-06 08:50:45.802252 +00:00
297,5m,2025-05-01 07:15:00.000000 +00:00,2025-05-01 07:19:59.999000 +00:00,0.6908000000,0.6910000000,0.6902000000,0.6904000000,39317.0000000000,27145.7913800000,252,13778.2000000000,9512.8436700000,2026-01-06 08:50:45.802252 +00:00
297,5m,2025-05-01 07:20:00.000000 +00:00,2025-05-01 07:24:59.999000 +00:00,0.6904000000,0.6914000000,0.6904000000,0.6911000000,49870.8000000000,34463.5335000000,229,27159.6000000000,18767.8763500000,2026-01-06 08:50:45.802252 +00:00
297,5m,2025-05-01 07:25:00.000000 +00:00,2025-05-01 07:29:59.999000 +00:00,0.6912000000,0.6915000000,0.6910000000,0.6910000000,103170.8000000000,71322.0770000000,206,47844.4000000000,33075.3163700000,2026-01-06 08:50:45.802252 +00:00
297,5m,2025-05-01 07:30:00.000000 +00:00,2025-05-01 07:34:59.999000 +00:00,0.6910000000,0.6924000000,0.6909000000,0.6922000000,539312.1000000000,372817.5931500000,438,475921.9000000000,328992.8244500000,2026-01-06 08:50:45.802252 +00:00
297,5m,2025-05-01 07:35:00.000000 +00:00,2025-05-01 07:39:59.999000 +00:00,0.6923000000,0.6931000000,0.6922000000,0.6924000000,237867.8000000000,164784.2871400000,521,109766.0000000000,76042.2920600000,2026-01-06 08:50:45.802252 +00:00
297,5m,2025-05-01 07:40:00.000000 +00:00,2025-05-01 07:44:59.999000 +00:00,0.6924000000,0.6931000000,0.6919000000,0.6928000000,96143.5000000000,66588.8731300000,391,80009.4000000000,55413.2476400000,2026-01-06 08:50:45.802252 +00:00
297,5m,2025-05-01 07:45:00.000000 +00:00,2025-05-01 07:49:59.999000 +00:00,0.6928000000,0.6933000000,0.6927000000,0.6928000000,163318.7000000000,113180.0321000000,434,93654.9000000000,64899.9065000000,2026-01-06 08:50:45.802252 +00:00
297,5m,2025-05-01 07:50:00.000000 +00:00,2025-05-01 07:54:59.999000 +00:00,0.6929000000,0.6938000000,0.6925000000,0.6927000000,281957.6000000000,195432.3547500000,600,117492.8000000000,81453.1071100000,2026-01-06 08:50:45.802252 +00:00
297,5m,2025-05-01 07:55:00.000000 +00:00,2025-05-01 07:59:59.999000 +00:00,0.6927000000,0.6929000000,0.6916000000,0.6916000000,138582.4000000000,95954.3495500000,251,15928.3000000000,11029.6662500000,2026-01-06 08:50:45.802252 +00:00
297,5m,2025-05-01 08:00:00.000000 +00:00,2025-05-01 08:04:59.999000 +00:00,0.6917000000,0.6933000000,0.6916000000,0.6916000000,128028.4000000000,88648.6137400000,514,70904.8000000000,49107.2169300000,2026-01-06 08:50:45.802252 +00:00
297,5m,2025-05-01 08:05:00.000000 +00:00,2025-05-01 08:09:59.999000 +00:00,0.6916000000,0.6928000000,0.6912000000,0.6923000000,125692.0000000000,86934.7793900000,447,48378.7000000000,33459.2368100000,2026-01-06 08:50:45.802252 +00:00
297,5m,2025-05-01 08:10:00.000000 +00:00,2025-05-01 08:14:59.999000 +00:00,0.6922000000,0.6930000000,0.6916000000,0.6919000000,705463.2000000000,488352.5906800000,865,301897.9000000000,208946.7402100000,2026-01-06 08:50:45.802252 +00:00
