market_id,snapshot_date,price_change,price_change_percent,weighted_avg_price,prev_close_price,last_price,last_qty,bid_price,bid_qty,ask_price,ask_qty,open_price,high_price,low_price,volume,quote_volume,open_time,close_time,first_id,last_id,count,inserted_at
1,2026-01-06,0.0003400000,0.9960000000,0.0341994000,0.0341300000,0.0344700000,0.9326000000,0.0344600000,27.8589000000,0.0344700000,49.1147000000,0.0341300000,0.0346300000,0.0338200000,13636.6301000000,466.3645015100,2026-01-05 07:36:21.655000 +00:00,2026-01-06 07:36:21.655000 +00:00,520836788,520891066,54279,2026-01-06 08:50:45.802252 +00:00
2,2026-01-06,0.0000000000,0.0000000000,0.0008880100,0.0008900000,0.0008900000,0.4380000000,0.0008900000,33.9580000000,0.0008910000,411.9800000000,0.0008900000,0.0008950000,0.0008770000,13187.0990000000,11.7103108600,2026-01-05 07:36:21.752000 +00:00,2026-01-06 07:36:21.752000 +00:00,106504639,106507905,3267,2026-01-06 08:50:45.802252 +00:00
3,2026-01-06,-0.0000100000,-0.1030000000,0.0096806400,0.0097100000,0.0097000000,0.3780000000,0.0096980000,1.2030000000,0.0096990000,8.2880000000,0.0097100000,0.0097660000,0.0096040000,12766.4370000000,123.5872418400,2026-01-05 07:36:21.948000 +00:00,2026-01-06 07:36:21.948000 +00:00,280935427,280970283,34857,2026-01-06 08:50:45.802252 +00:00
4,2026-01-06,0.0000015200,3.6260000000,0.0000430100,0.0000416700,0.0000434400,68.4400000000,0.0000432600,602.3600000000,0.0000434500,21.9300000000,0.0000419200,0.0000441000,0.0000413100,11107.4000000000,0.4777788500,2026-01-05 07:36:18.421000 +00:00,2026-01-06 07:36:18.421000 +00:00,47784774,47785094,321,2026-01-06 08:50:45.802252 +00:00
5,2026-01-06,0.0000341000,7.7540000000,0.0004836000,0.0004404000,0.0004739000,86.0000000000,0.0004736000,103.7000000000,0.0004770000,131.4000000000,0.0004398000,0.0004975000,0.0004398000,9609.9000000000,4.6473629400,2026-01-05 07:36:21.399000 +00:00,2026-01-06 07:36:21.399000 +00:00,5542247,5542388,142,2026-01-06 08:50:45.802252 +00:00
6,2026-01-06,-0.0000010000,-0.3250000000,0.0002991800,0.0000000000,0.0003067000,8.3000000000,0.0000000000,0.0000000000,0.0000000000,0.0000000000,0.0003077000,0.0003250000,0.0002816000,391642.7000000000,117.1734344500,2025-12-14 05:23:26.742000 +00:00,2025-12-15 05:23:26.742000 +00:00,23920853,23924852,4000,2026-01-06 08:50:45.802252 +00:00
7,2026-01-06,0.0000023100,15.7250000000,0.0000139600,0.0000000000,0.0000170000,203.0000000000,0.0000000000,0.0000000000,0.0000000000,0.0000000000,0.0000146900,0.0000453800,0.0000109400,11484111.0000000000,160.3520714500,2025-12-14 05:23:26.742000 +00:00,2025-12-15 05:23:26.742000 +00:00,4106153,4110152,4000,2026-01-06 08:50:45.802252 +00:00
8,2026-01-06,-0.0000190000,-8.5740000000,0.0002179500,0.0000000000,0.0002026000,466.3000000000,0.0000000000,0.0000000000,0.0000000000,0.0000000000,0.0002216000,0.0002359000,0.0001945000,263070.3000000000,57.3368076200,2025-12-14 05:23:26.742000 +00:00,2025-12-15 05:23:26.742000 +00:00,2375783,2379782,4000,2026-01-06 08:50:45.802252 +00:00
9,2026-01-06,0.0000000000,0.0000000000,0.0000000000,0.0000000000,0.0000000000,0.0000000000,0.0000000000,0.0000000000,0.0000000000,0.0000000000,0.0000000000,0.0000000000,0.0000000000,0.0000000000,0.0000000000,2025-12-14 05:23:26.742000 +00:00,2025-12-15 05:23:26.742000 +00:00,-1,-1,0,2026-01-06 08:50:45.802252 +00:00
10,2026-01-06,0.0000008000,3.5870000000,0.0000231200,0.0000223000,0.0000231000,440.1000000000,0.0000232000,1169.3000000000,0.0000233000,792.6000000000,0.0000223000,0.0000244000,0.0000220000,5571.1000000000,0.1287837100,2026-01-05 07:35:00.686000 +00:00,2026-01-06 07:35:00.686000 +00:00,22908758,22908881,124,2026-01-06 08:50:45.802252 +00:00
11,2026-01-06,-0.0029000000,-1.0190000000,0.2839897300,0.2845000000,0.2816000000,1.0150000000,0.2813000000,5.6260000000,0.2815000000,11.6270000000,0.2845000000,0.2872000000,0.2797000000,3787.2880000000,1075.5508808000,2026-01-05 07:36:21.660000 +00:00,2026-01-06 07:36:21.660000 +00:00,69698132,69711996,13865,2026-01-06 08:50:45.802252 +00:00
12,2026-01-06,854.3300000000,0.9230000000,93603.5611223900,92543.8700000000,93398.2000000000,0.0044700000,93398.1900000000,7.6494800000,93398.2000000000,0.4347100000,92543.8700000000,94789.0800000000,92320.1700000000,16829.0459900000,1575258634.9565503000,2026-01-05 07:36:22.012000 +00:00,2026-01-06 07:36:22.012000 +00:00,5735252983,5740553582,5300600,2026-01-06 08:50:45.802252 +00:00
13,2026-01-06,61.2300000000,1.9390000000,3202.7750270500,3158.0000000000,3219.2300000000,0.0241000000,3219.2300000000,75.6961000000,3219.2400000000,0.1294000000,3158.0000000000,3265.6600000000,3135.0200000000,339545.6940000000,1087488469.2848470000,2026-01-05 07:36:22.011000 +00:00,2026-01-06 07:36:22.011000 +00:00,3414362810,3419505254,5142445,2026-01-06 08:50:45.802252 +00:00
14,2026-01-06,0.0000000000,0.0000000000,0.0000000000,0.0000000000,0.0000000000,0.0000000000,0.0000000000,0.0000000000,0.0000000000,0.0000000000,0.0000000000,0.0000000000,0.0000000000,0.0000000000,0.0000000000,2025-12-14 05:23:26.742000 +00:00,2025-12-15 05:23:26.742000 +00:00,-1,-1,0,2026-01-06 08:50:45.802252 +00:00
15,2026-01-06,0.0000000000,0.0000000000,0.0000000000,0.0000000000,0.0000000000,0.0000000000,0.0000000000,0.0000000000,0.0000000000,0.0000000000,0.0000000000,0.0000000000,0.0000000000,0.0000000000,0.0000000000,2025-12-14 05:23:26.742000 +00:00,2025-12-15 05:23:26.742000 +00:00,-1,-1,0,2026-01-06 08:50:45.802252 +00:00
16,2026-01-06,0.0000000000,0.0000000000,0.0000000000,0.0000000000,0.0000000000,0.0000000000,0.0000000000,0.0000000000,0.0000000000,0.0000000000,0.0000000000,0.0000000000,0.0000000000,0.0000000000,0.0000000000,2025-12-14 05:23:26.742000 +00:00,2025-12-15 05:23:26.742000 +00:00,-1,-1,0,2026-01-06 08:50:45.802252 +00:00
17,2026-01-06,0.0000000000,0.0000000000,0.0000000000,0.0000000000,0.0000000000,0.0000000000,0.0000000000,0.0000000000,0.0000000000,0.0000000000,0.0000000000,0.0000000000,0.0000000000,0.0000000000,0.0000000000,2025-12-14 05:23:26.742000 +00:00,2025-12-15 05:23:26.742000 +00:00,-1,-1,0,2026-01-06 08:50:45.802252 +00:00
18,2026-01-06,0.0000000000,0.0000000000,0.0000000000,0.0000000000,0.0000000000,0.0000000000,0.0000000000,0.0000000000,0.0000000000,0.0000000000,0.0000000000,0.0000000000,0.0000000000,0.0000000000,0.0000000000,2025-12-14 05:23:26.742000 +00:00,2025-12-15 05:23:26.742000 +00:00,-1,-1,0,2026-01-06 08:50:45.802252 +00:00
19,2026-01-06,0.0000000000,0.0000000000,0.0000000000,0.0000000000,0.0000000000,0.0000000000,0.0000000000,0.0000000000,0.0000000000,0.0000000000,0.0000000000,0.0000000000,0.0000000000,0.0000000000,0.0000000000,2025-12-14 05:23:26.742000 +00:00,2025-12-15 05:23:26.742000 +00:00,-1,-1,0,2026-01-06 08:50:45.802252 +00:00
20,2026-01-06,-0.0000006500,-73.0340000000,0.0000007800,0.0000000000,0.0000002400,4304.0000000000,0.0000000000,0.0000000000,0.0000000000,0.0000000000,0.0000008900,0.0000011700,0.0000002200,11331662.0000000000,8.8477670300,2025-12-14 05:23:26.742000 +00:00,2025-12-15 05:23:26.742000 +00:00,20357999,20361998,4000,2026-01-06 08:50:45.802252 +00:00
21,2026-01-06,0.0000000000,0.0000000000,0.0000000000,0.0000000000,0.0000000000,0.0000000000,0.0000000000,0.0000000000,0.0000000000,0.0000000000,0.0000000000,0.0000000000,0.0000000000,0.0000000000,0.0000000000,2025-12-14 05:23:26.742000 +00:00,2025-12-15 05:23:26.742000 +00:00,-1,-1,0,2026-01-06 08:50:45.802252 +00:00
22,2026-01-06,0.0000000100,1.7540000000,0.0000005800,0.0000005800,0.0000005800,282.0000000000,0.0000005800,218918.0000000000,0.0000005900,30292.0000000000,0.0000005700,0.0000005900,0.0000005600,309808.0000000000,0.1783929200,2026-01-05 07:28:50.971000 +00:00,2026-01-06 07:28:50.971000 +00:00,23018959,23019044,86,2026-01-06 08:50:45.802252 +00:00
23,2026-01-06,0.0000002600,1.5600000000,0.0000169200,0.0000170200,0.0000169300,4197.0000000000,0.0000168700,67.0000000000,0.0000170200,22233.0000000000,0.0000166700,0.0000171200,0.0000166700,30900.0000000000,0.5228416500,2026-01-05 07:35:20.722000 +00:00,2026-01-06 07:35:20.722000 +00:00,5009316,5009348,33,2026-01-06 08:50:45.802252 +00:00
24,2026-01-06,-0.0000015500,-8.6930000000,0.0000176600,0.0000000000,0.0000162800,13.1000000000,0.0000000000,0.0000000000,0.0000000000,0.0000000000,0.0000178300,0.0000195200,0.0000158500,248222.5000000000,4.3845205800,2025-12-14 05:23:26.742000 +00:00,2025-12-15 05:23:26.742000 +00:00,24785247,24789246,4000,2026-01-06 08:50:45.802252 +00:00
25,2026-01-06,0.0000000000,0.0000000000,0.0000000000,0.0000000000,0.0000000000,0.0000000000,0.0000000000,0.0000000000,0.0000000000,0.0000000000,0.0000000000,0.0000000000,0.0000000000,0.0000000000,0.0000000000,2025-12-14 05:23:26.742000 +00:00,2025-12-15 05:23:26.742000 +00:00,-1,-1,0,2026-01-06 08:50:45.802252 +00:00
26,2026-01-06,-0.0000054000,-14.9170000000,0.0000323800,0.0000000000,0.0000308000,682.5000000000,0.0000000000,0.0000000000,0.0000000000,0.0000000000,0.0000362000,0.0000363000,0.0000300000,597457.9000000000,19.3444656400,2025-12-14 05:23:26.742000 +00:00,2025-12-15 05:23:26.742000 +00:00,26257850,26261849,4000,2026-01-06 08:50:45.802252 +00:00
27,2026-01-06,-0.0002650000,-25.0950000000,0.0008946300,0.0000000000,0.0007910000,453.9000000000,0.0000000000,0.0000000000,0.0000000000,0.0000000000,0.0010560000,0.0010740000,0.0007600000,351567.3000000000,314.5209630000,2025-12-14 05:23:26.742000 +00:00,2025-12-15 05:23:26.742000 +00:00,5903044,5907043,4000,2026-01-06 08:50:45.802252 +00:00
28,2026-01-06,-0.0000003500,-18.5190000000,0.0000017300,0.0000000000,0.0000015400,1484.0000000000,0.0000000000,0.0000000000,0.0000000000,0.0000000000,0.0000018900,0.0000020000,0.0000015200,2204487.0000000000,3.8045533500,2025-12-14 05:23:26.742000 +00:00,2025-12-15 05:23:26.742000 +00:00,26544917,26548916,4000,2026-01-06 08:50:45.802252 +00:00
29,2026-01-06,-0.0000486000,-32.8380000000,0.0001257400,0.0000000000,0.0000994000,1079.0000000000,0.0000000000,0.0000000000,0.0000000000,0.0000000000,0.0001480000,0.0001516000,0.0000851000,1984878.0000000000,249.5760308000,2025-12-14 05:23:26.742000 +00:00,2025-12-15 05:23:26.742000 +00:00,5375532,5379531,4000,2026-01-06 08:50:45.802252 +00:00
30,2026-01-06,0.0000000000,0.0000000000,0.0000000000,0.0000000000,0.0000000000,0.0000000000,0.0000000000,0.0000000000,0.0000000000,0.0000000000,0.0000000000,0.0000000000,0.0000000000,0.0000000000,0.0000000000,2025-12-14 05:23:26.742000 +00:00,2025-12-15 05:23:26.742000 +00:00,-1,-1,0,2026-01-06 08:50:45.802252 +00:00
31,2026-01-06,0.0000000000,0.0000000000,0.0000000000,0.0000000000,0.0000000000,0.0000000000,0.0000000000,0.0000000000,0.0000000000,0.0000000000,0.0000000000,0.0000000000,0.0000000000,0.0000000000,0.0000000000,2025-12-14 05:23:26.742000 +00:00,2025-12-15 05:23:26.742000 +00:00,-1,-1,0,2026-01-06 08:50:45.802252 +00:00
32,2026-01-06,0.0000000000,0.0000000000,0.0000000000,0.0000000000,0.0000000000,0.0000000000,0.0000000000,0.0000000000,0.0000000000,0.0000000000,0.0000000000,0.0000000000,0.0000000000,0.0000000000,0.0000000000,2025-12-14 05:23:26.742000 +00:00,2025-12-15 05:23:26.742000 +00:00,-1,-1,0,2026-01-06 08:50:45.802252 +00:00
33,2026-01-06,0.0000000000,0.0000000000,0.0000000000,0.0000000000,0.0000000000,0.0000000000,0.0000000000,0.0000000000,0.0000000000,0.0000000000,0.0000000000,0.0000000000,0.0000000000,0.0000000000,0.0000000000,2025-12-14 05:23:26.742000 +00:00,2025-12-15 05:23:26.742000 +00:00,-1,-1,0,2026-01-06 08:50:45.802252 +00:00
34,2026-01-06,0.0000000000,0.0000000000,0.0000000000,0.0000000000,0.0000000000,0.0000000000,0.0000000000,0.0000000000,0.0000000000,0.0000000000,0.0000000000,0.0000000000,0.0000000000,0.0000000000,0.0000000000,2025-12-14 05:23:26.742000 +00:00,2025-12-15 05:23:26.742000 +00:00,-1,-1,0,2026-01-06 08:50:45.802252 +00:00
35,2026-01-06,0.0000000000,0.0000000000,0.0000000000,0.0000000000,0.0000000000,0.0000000000,0.0000000000,0.0000000000,0.0000000000,0.0000000000,0.0000000000,0.0000000000,0.0000000000,0.0000000000,0.0000000000,2025-12-14 05:23:26.742000 +00:00,2025-12-15 05:23:26.742000 +00:00,-1,-1,0,2026-01-06 08:50:45.802252 +00:00
36,2026-01-06,0.0000000300,1.1450000000,0.0000026400,0.0000026300,0.0000026500,8285.2000000000,0.0000026500,37.8000000000,0.0000026600,279.6000000000,0.0000026200,0.0000026600,0.0000025900,46372.3000000000,0.1224175500,2026-01-05 07:33:07.876000 +00:00,2026-01-06 07:33:07.876000 +00:00,21251142,21251274,133,2026-01-06 08:50:45.802252 +00:00
37,2026-01-06,-0.0001046000,-20.9750000000,0.0004349200,0.0000000000,0.0003941000,37.8000000000,0.0000000000,0.0000000000,0.0000000000,0.0000000000,0.0004987000,0.0005020000,0.0003930000,343725.1000000000,149.4914897500,2025-12-14 05:23:26.742000 +00:00,2025-12-15 05:23:26.742000 +00:00,4743464,4747463,4000,2026-01-06 08:50:45.802252 +00:00
38,2026-01-06,0.0000000000,0.0000000000,0.0000000000,0.0000000000,0.0000000000,0.0000000000,0.0000000000,0.0000000000,0.0000000000,0.0000000000,0.0000000000,0.0000000000,0.0000000000,0.0000000000,0.0000000000,2025-12-14 05:23:26.742000 +00:00,2025-12-15 05:23:26.742000 +00:00,-1,-1,0,2026-01-06 08:50:45.802252 +00:00
39,2026-01-06,-0.0000003700,-20.2190000000,0.0000016500,0.0000000000,0.0000014600,39584.0000000000,0.0000000000,0.0000000000,0.0000000000,0.0000000000,0.0000018300,0.0000018400,0.0000013900,53487685.0000000000,88.2224677000,2025-12-14 05:23:26.742000 +00:00,2025-12-15 05:23:26.742000 +00:00,3297964,3301963,4000,2026-01-06 08:50:45.802252 +00:00
40,2026-01-06,-0.0000006200,-52.1010000000,0.0000008000,0.0000000000,0.0000005700,46703.0000000000,0.0000000000,0.0000000000,0.0000000000,0.0000000000,0.0000011900,0.0000012300,0.0000005500,16010793.0000000000,12.8204684100,2025-12-14 05:23:26.742000 +00:00,2025-12-15 05:23:26.742000 +00:00,14647718,14651718,4001,2026-01-06 08:50:45.802252 +00:00
41,2026-01-06,0.0000000000,0.0000000000,0.0000000000,0.0000000000,0.0000000000,0.0000000000,0.0000000000,0.0000000000,0.0000000000,0.0000000000,0.0000000000,0.0000000000,0.0000000000,0.0000000000,0.0000000000,2025-12-14 05:23:26.742000 +00:00,2025-12-15 05:23:26.742000 +00:00,-1,-1,0,2026-01-06 08:50:45.802252 +00:00
42,2026-01-06,-0.0009200000,-16.1550000000,0.0049423200,0.0000000000,0.0047750000,0.8100000000,0.0000000000,0.0000000000,0.0000000000,0.0000000000,0.0056950000,0.0057790000,0.0043950000,37983.4800000000,187.7266644400,2025-12-14 05:23:26.742000 +00:00,2025-12-15 05:23:26.742000 +00:00,11461786,11465785,4000,2026-01-06 08:50:45.802252 +00:00
43,2026-01-06,0.0000000900,8.1080000000,0.0000011700,0.0000011000,0.0000012000,186.0000000000,0.0000011900,259765.0000000000,0.0000012000,36034.0000000000,0.0000011100,0.0000012400,0.0000010900,534989.0000000000,0.6248943600,2026-01-05 07:36:19.099000 +00:00,2026-01-06 07:36:19.099000 +00:00,35584437,35584749,313,2026-01-06 08:50:45.802252 +00:00
44,2026-01-06,0.0000027200,8.4600000000,0.0000342000,0.0000321200,0.0000348700,35.0000000000,0.0000348100,33.0000000000,0.0000349700,1500.0000000000,0.0000321500,0.0000357300,0.0000321500,32969.0000000000,1.1275875600,2026-01-05 07:34:51.035000 +00:00,2026-01-06 07:34:51.035000 +00:00,7922526,7922577,52,2026-01-06 08:50:45.802252 +00:00
45,2026-01-06,0.0000006000,0.4090000000,0.0001471000,0.0001466000,0.0001473000,2.5700000000,0.0001473000,556.3000000000,0.0001474000,72.6000000000,0.0001467000,0.0001497000,0.0001447000,86855.4000000000,12.7763305500,2026-01-05 07:36:21.974000 +00:00,2026-01-06 07:36:21.974000 +00:00,101609081,101615969,6889,2026-01-06 08:50:45.802252 +00:00
46,2026-01-06,-0.0000210000,-0.4890000000,0.0042885200,0.0042950000,0.0042760000,7.1900000000,0.0042750000,10.4600000000,0.0042760000,10.9800000000,0.0042970000,0.0043490000,0.0042380000,13907.0200000000,59.6405410200,2026-01-05 07:36:20.961000 +00:00,2026-01-06 07:36:20.961000 +00:00,24662919,24665378,2460,2026-01-06 08:50:45.802252 +00:00
47,2026-01-06,0.0000000000,0.0000000000,0.0000000000,0.0000000000,0.0000000000,0.0000000000,0.0000000000,0.0000000000,0.0000000000,0.0000000000,0.0000000000,0.0000000000,0.0000000000,0.0000000000,0.0000000000,2025-12-14 05:23:26.742000 +00:00,2025-12-15 05:23:26.742000 +00:00,-1,-1,0,2026-01-06 08:50:45.802252 +00:00
48,2026-01-06,0.0000000300,1.6040000000,0.0000018900,0.0000018700,0.0000019000,5107.0000000000,0.0000018900,865989.0000000000,0.0000019100,36859.0000000000,0.0000018700,0.0000019600,0.0000018500,644422.0000000000,1.2163225800,2026-01-05 07:36:19.918000 +00:00,2026-01-06 07:36:19.918000 +00:00,12173099,12173182,84,2026-01-06 08:50:45.802252 +00:00
49,2026-01-06,0.0000000000,0.0000000000,0.0000000000,0.0000000000,0.0000000000,0.0000000000,0.0000000000,0.0000000000,0.0000000000,0.0000000000,0.0000000000,0.0000000000,0.0000000000,0.0000000000,0.0000000000,2025-12-14 05:23:26.742000 +00:00,2025-12-15 05:23:26.742000 +00:00,-1,-1,0,2026-01-06 08:50:45.802252 +00:00
50,2026-01-06,0.0000000000,0.0000000000,0.0000000000,0.0000000000,0.0000000000,0.0000000000,0.0000000000,0.0000000000,0.0000000000,0.0000000000,0.0000000000,0.0000000000,0.0000000000,0.0000000000,0.0000000000,2025-12-14 05:23:26.742000 +00:00,2025-12-15 05:23:26.742000 +00:00,-1,-1,0,2026-01-06 08:50:45.802252 +00:00
51,2026-01-06,0.0000000000,0.0000000000,0.0000000000,0.0000000000,0.0000000000,0.0000000000,0.0000000000,0.0000000000,0.0000000000,0.0000000000,0.0000000000,0.0000000000,0.0000000000,0.0000000000,0.0000000000,2025-12-14 05:23:26.742000 +00:00,2025-12-15 05:23:26.742000 +00:00,-1,-1,0,2026-01-06 08:50:45.802252 +00:00
52,2026-01-06,0.0000000000,0.0000000000,0.0000000000,0.0000000000,0.0000000000,0.0000000000,0.0000000000,0.0000000000,0.0000000000,0.0000000000,0.0000000000,0.0000000000,0.0000000000,0.0000000000,0.0000000000,2025-12-14 05:23:26.742000 +00:00,2025-12-15 05:23:26.742000 +00:00,-1,-1,0,2026-01-06 08:50:45.802252 +00:00
53,2026-01-06,0.0000000700,1.7110000000,0.0000041300,0.0000041200,0.0000041600,1053.3000000000,0.0000041500,258.0000000000,0.0000041600,258.0000000000,0.0000040900,0.0000042100,0.0000040400,46978.8000000000,0.1940963800,2026-01-05 07:35:44.205000 +00:00,2026-01-06 07:35:44.205000 +00:00,21415693,21415895,203,2026-01-06 08:50:45.802252 +00:00
54,2026-01-06,-0.0001620000,-19.1630000000,0.0007241200,0.0000000000,0.0006834000,45.1000000000,0.0000000000,0.0000000000,0.0000000000,0.0000000000,0.0008454000,0.0008454000,0.0005762000,342471.0000000000,247.9901154500,2025-12-14 05:23:26.742000 +00:00,2025-12-15 05:23:26.742000 +00:00,3093756,3097755,4000,2026-01-06 08:50:45.802252 +00:00
55,2026-01-06,0.0000000000,0.0000000000,0.0000000000,0.0000000000,0.0000000000,0.0000000000,0.0000000000,0.0000000000,0.0000000000,0.0000000000,0.0000000000,0.0000000000,0.0000000000,0.0000000000,0.0000000000,2025-12-14 05:23:26.742000 +00:00,2025-12-15 05:23:26.742000 +00:00,-1,-1,0,2026-01-06 08:50:45.802252 +00:00
56,2026-01-06,0.0000000000,0.0000000000,0.0000000000,0.0000000000,0.0000000000,0.0000000000,0.0000000000,0.0000000000,0.0000000000,0.0000000000,0.0000000000,0.0000000000,0.0000000000,0.0000000000,0.0000000000,2025-12-14 05:23:26.742000 +00:00,2025-12-15 05:23:26.742000 +00:00,-1,-1,0,2026-01-06 08:50:45.802252 +00:00
57,2026-01-06,0.0000003600,5.2940000000,0.0000070900,0.0000000000,0.0000071600,328.6000000000,0.0000000000,0.0000000000,0.0000000000,0.0000000000,0.0000068000,0.0000075700,0.0000066000,1023859.8000000000,7.2589927100,2025-12-14 05:23:26.742000 +00:00,2025-12-15 05:23:26.742000 +00:00,76836787,76840786,4000,2026-01-06 08:50:45.802252 +00:00
58,2026-01-06,0.0000001000,45.4550000000,0.0000002800,0.0000000000,0.0000003200,9281.0000000000,0.0000000000,0.0000000000,0.0000000000,0.0000000000,0.0000002200,0.0000009500,0.0000002000,21964820.0000000000,6.2262705700,2025-12-14 05:23:26.742000 +00:00,2025-12-15 05:23:26.742000 +00:00,13163824,13167823,4000,2026-01-06 08:50:45.802252 +00:00
59,2026-01-06,-0.0000200000,-0.4870000000,0.0041009500,0.0041200000,0.0040900000,0.5500000000,0.0040800000,0.7800000000,0.0040900000,90.3900000000,0.0041100000,0.0041500000,0.0040600000,164.0700000000,0.6728432000,2026-01-05 07:36:21.389000 +00:00,2026-01-06 07:36:21.389000 +00:00,9339568,9339693,126,2026-01-06 08:50:45.802252 +00:00
60,2026-01-06,0.0000001000,0.0710000000,0.0001399500,0.0001407000,0.0001406000,8.6000000000,0.0001407000,118.2900000000,0.0001408000,43.4800000000,0.0001405000,0.0001424000,0.0001383000,13928.3700000000,1.9492739300,2026-01-05 07:36:21.030000 +00:00,2026-01-06 07:36:21.030000 +00:00,48634968,48635866,899,2026-01-06 08:50:45.802252 +00:00
61,2026-01-06,0.0000000000,0.0000000000,0.0000000000,0.0000000000,0.0000000000,0.0000000000,0.0000000000,0.0000000000,0.0000000000,0.0000000000,0.0000000000,0.0000000000,0.0000000000,0.0000000000,0.0000000000,2025-12-14 05:23:26.742000 +00:00,2025-12-15 05:23:26.742000 +00:00,-1,-1,0,2026-01-06 08:50:45.802252 +00:00
62,2026-01-06,0.0000000000,0.0000000000,0.0000000000,0.0000000000,0.0000000000,0.0000000000,0.0000000000,0.0000000000,0.0000000000,0.0000000000,0.0000000000,0.0000000000,0.0000000000,0.0000000000,0.0000000000,2025-12-14 05:23:26.742000 +00:00,2025-12-15 05:23:26.742000 +00:00,-1,-1,0,2026-01-06 08:50:45.802252 +00:00
63,2026-01-06,0.0000000000,0.0000000000,0.0000000000,0.0000000000,0.0000000000,0.0000000000,0.0000000000,0.0000000000,0.0000000000,0.0000000000,0.0000000000,0.0000000000,0.0000000000,0.0000000000,0.0000000000,2025-12-14 05:23:26.742000 +00:00,2025-12-15 05:23:26.742000 +00:00,-1,-1,0,2026-01-06 08:50:45.802252 +00:00
64,2026-01-06,0.0000000000,0.0000000000,0.0000000000,0.0000000000,0.0000000000,0.0000000000,0.0000000000,0.0000000000,0.0000000000,0.0000000000,0.0000000000,0.0000000000,0.0000000000,0.0000000000,0.0000000000,2025-12-14 05:23:26.742000 +00:00,2025-12-15 05:23:26.742000 +00:00,-1,-1,0,2026-01-06 08:50:45.802252 +00:00
65,2026-01-06,-0.0000003900,-17.3330000000,0.0000019800,0.0000000000,0.0000018600,1128.0000000000,0.0000000000,0.0000000000,0.0000000000,0.0000000000,0.0000022500,0.0000022800,0.0000018200,8250320.0000000000,16.3405678800,2025-12-14 05:23:26.742000 +00:00,2025-12-15 05:23:26.742000 +00:00,15051397,15055397,4001,2026-01-06 08:50:45.802252 +00:00
66,2026-01-06,0.0000537000,1.0030000000,0.0053254200,0.0053503000,0.0054071000,0.5000000000,0.0054063000,0.1680000000,0.0054081000,0.1680000000,0.0053534000,0.0054876000,0.0051772000,3039.2800000000,16.1854375600,2026-01-05 07:36:21.989000 +00:00,2026-01-06 07:36:21.989000 +00:00,31841717,31847649,5933,2026-01-06 08:50:45.802252 +00:00
67,2026-01-06,-0.0000400000,-0.0250000000,0.1547490100,0.1568300000,0.1568300000,0.0130000000,0.1568000000,0.1680000000,0.1570100000,0.1680000000,0.1568700000,0.1596600000,0.1510000000,443.7770000000,68.6740508500,2026-01-05 07:36:22.033000 +00:00,2026-01-06 07:36:22.033000 +00:00,4451104,4453088,1985,2026-01-06 08:50:45.802252 +00:00
68,2026-01-06,-0.0000001900,-2.3370000000,0.0000078700,0.0000000000,0.0000079400,139.7000000000,0.0000000000,0.0000000000,0.0000000000,0.0000000000,0.0000081300,0.0000081400,0.0000076400,137278.7000000000,1.0802297500,2025-12-14 05:23:26.742000 +00:00,2025-12-15 05:23:26.742000 +00:00,8834820,8838819,4000,2026-01-06 08:50:45.802252 +00:00
69,2026-01-06,-0.0000000600,-4.6150000000,0.0000013000,0.0000000000,0.0000012400,2243.0000000000,0.0000000000,0.0000000000,0.0000000000,0.0000000000,0.0000013000,0.0000013900,0.0000012300,2116417.0000000000,2.7587780200,2025-12-14 05:23:26.742000 +00:00,2025-12-15 05:23:26.742000 +00:00,18016385,18020384,4000,2026-01-06 08:50:45.802252 +00:00
70,2026-01-06,0.0000000000,0.0000000000,0.0000000000,0.0000000000,0.0000000000,0.0000000000,0.0000000000,0.0000000000,0.0000000000,0.0000000000,0.0000000000,0.0000000000,0.0000000000,0.0000000000,0.0000000000,2025-12-14 05:23:26.742000 +00:00,2025-12-15 05:23:26.742000 +00:00,-1,-1,0,2026-01-06 08:50:45.802252 +00:00
71,2026-01-06,0.0000082000,1.7680000000,0.0004638400,0.0004628000,0.0004720000,1.2150000000,0.0004721000,2.0250000000,0.0004729000,2.0250000000,0.0004638000,0.0004809000,0.0004546000,2586.8020000000,1.1998684700,2026-01-05 07:36:21.553000 +00:00,2026-01-06 07:36:21.553000 +00:00,29719934,29720737,804,2026-01-06 08:50:45.802252 +00:00
72,2026-01-06,0.0003500000,2.5980000000,0.0135547200,0.0137200000,0.0138200000,0.1930000000,0.0136800000,1.4960000000,0.0137500000,11.5620000000,0.0134700000,0.0139500000,0.0134100000,262.0860000000,3.5525018300,2026-01-05 07:36:20.586000 +00:00,2026-01-06 07:36:20.586000 +00:00,4244905,4244964,60,2026-01-06 08:50:45.802252 +00:00
73,2026-01-06,-0.0000004700,-55.2940000000,0.0000007100,0.0000000000,0.0000003800,1151.0000000000,0.0000000000,0.0000000000,0.0000000000,0.0000000000,0.0000008500,0.0000008900,0.0000003800,5541332.0000000000,3.9512226400,2025-12-14 05:23:26.742000 +00:00,2025-12-15 05:23:26.742000 +00:00,17065369,17069368,4000,2026-01-06 08:50:45.802252 +00:00
74,2026-01-06,0.0000000000,0.0000000000,0.0000000000,0.0000000000,0.0000000000,0.0000000000,0.0000000000,0.0000000000,0.0000000000,0.0000000000,0.0000000000,0.0000000000,0.0000000000,0.0000000000,0.0000000000,2025-12-14 05:23:26.742000 +00:00,2025-12-15 05:23:26.742000 +00:00,-1,-1,0,2026-01-06 08:50:45.802252 +00:00
75,2026-01-06,-0.0000210000,-2.2480000000,0.0009395600,0.0000000000,0.0009130000,0.6000000000,0.0000000000,0.0000000000,0.0000000000,0.0000000000,0.0009340000,0.0009960000,0.0009100000,26988.3000000000,25.3571122200,2025-12-14 05:23:26.742000 +00:00,2025-12-15 05:23:26.742000 +00:00,15338514,15342514,4001,2026-01-06 08:50:45.802252 +00:00
76,2026-01-06,0.0000000000,0.0000000000,0.0000000000,0.0000000000,0.0000000000,0.0000000000,0.0000000000,0.0000000000,0.0000000000,0.0000000000,0.0000000000,0.0000000000,0.0000000000,0.0000000000,0.0000000000,2025-12-14 05:23:26.742000 +00:00,2025-12-15 05:23:26.742000 +00:00,-1,-1,0,2026-01-06 08:50:45.802252 +00:00
77,2026-01-06,0.0000000000,0.0000000000,0.0000000000,0.0000000000,0.0000000000,0.0000000000,0.0000000000,0.0000000000,0.0000000000,0.0000000000,0.0000000000,0.0000000000,0.0000000000,0.0000000000,0.0000000000,2025-12-14 05:23:26.742000 +00:00,2025-12-15 05:23:26.742000 +00:00,-1,-1,0,2026-01-06 08:50:45.802252 +00:00
78,2026-01-06,0.0000000000,0.0000000000,0.0000000000,0.0000000000,0.0000000000,0.0000000000,0.0000000000,0.0000000000,0.0000000000,0.0000000000,0.0000000000,0.0000000000,0.0000000000,0.0000000000,0.0000000000,2025-12-14 05:23:26.742000 +00:00,2025-12-15 05:23:26.742000 +00:00,-1,-1,0,2026-01-06 08:50:45.802252 +00:00
79,2026-01-06,-0.0000000100,-0.8470000000,0.0000011700,0.0000011700,0.0000011700,2051.0000000000,0.0000011600,28945.0000000000,0.0000011800,59534.0000000000,0.0000011800,0.0000011800,0.0000011600,71709.0000000000,0.0840413300,2026-01-05 07:35:14.537000 +00:00,2026-01-06 07:35:14.537000 +00:00,14410223,14410263,41,2026-01-06 08:50:45.802252 +00:00
80,2026-01-06,0.0000000000,0.0000000000,0.0000000000,0.0000000000,0.0000000000,0.0000000000,0.0000000000,0.0000000000,0.0000000000,0.0000000000,0.0000000000,0.0000000000,0.0000000000,0.0000000000,0.0000000000,2025-12-14 05:23:26.742000 +00:00,2025-12-15 05:23:26.742000 +00:00,-1,-1,0,2026-01-06 08:50:45.802252 +00:00
81,2026-01-06,-0.0000000700,-12.0690000000,0.0000005300,0.0000000000,0.0000005100,19411.0000000000,0.0000000000,0.0000000000,0.0000000000,0.0000000000,0.0000005800,0.0000006500,0.0000004500,9254027.0000000000,4.8800902300,2025-12-14 05:23:26.742000 +00:00,2025-12-15 05:23:26.742000 +00:00,13314599,13318598,4000,2026-01-06 08:50:45.802252 +00:00
82,2026-01-06,-0.0000027400,-7.3580000000,0.0000366900,0.0000000000,0.0000345000,1511.0000000000,0.0000000000,0.0000000000,0.0000000000,0.0000000000,0.0000372400,0.0000436600,0.0000331400,3539004.0000000000,129.8351560900,2025-12-14 05:23:26.742000 +00:00,2025-12-15 05:23:26.742000 +00:00,2735232,2739231,4000,2026-01-06 08:50:45.802252 +00:00
83,2026-01-06,0.0000000000,0.0000000000,0.0000000000,0.0000000000,0.0000000000,0.0000000000,0.0000000000,0.0000000000,0.0000000000,0.0000000000,0.0000000000,0.0000000000,0.0000000000,0.0000000000,0.0000000000,2025-12-14 05:23:26.742000 +00:00,2025-12-15 05:23:26.742000 +00:00,-1,-1,0,2026-01-06 08:50:45.802252 +00:00
84,2026-01-06,-0.0000000500,-1.5670000000,0.0000031200,0.0000031900,0.0000031400,854.0000000000,0.0000031300,1325963.0000000000,0.0000031400,811958.0000000000,0.0000031900,0.0000031900,0.0000030900,7408848.0000000000,23.1400016000,2026-01-05 07:35:26.034000 +00:00,2026-01-06 07:35:26.034000 +00:00,76896864,76901336,4473,2026-01-06 08:50:45.802252 +00:00
85,2026-01-06,-0.0000023800,-2.5480000000,0.0000913700,0.0000934000,0.0000910300,213.0000000000,0.0000909800,1085.0000000000,0.0000910100,941.0000000000,0.0000934100,0.0000934500,0.0000896700,1700346.0000000000,155.3539043800,2026-01-05 07:36:22.070000 +00:00,2026-01-06 07:36:22.070000 +00:00,40463962,40467193,3232,2026-01-06 08:50:45.802252 +00:00
86,2026-01-06,-0.0000001100,-10.4760000000,0.0000010300,0.0000000000,0.0000009400,119.0000000000,0.0000000000,0.0000000000,0.0000000000,0.0000000000,0.0000010500,0.0000011500,0.0000009400,6588378.0000000000,6.7837815600,2025-12-14 05:23:26.742000 +00:00,2025-12-15 05:23:26.742000 +00:00,17779461,17783460,4000,2026-01-06 08:50:45.802252 +00:00
87,2026-01-06,-0.0000111000,-28.6820000000,0.0000341100,0.0000000000,0.0000276000,461.0000000000,0.0000000000,0.0000000000,0.0000000000,0.0000000000,0.0000387000,0.0000391000,0.0000170000,2607349.0000000000,88.9367753000,2025-12-14 05:23:26.742000 +00:00,2025-12-15 05:23:26.742000 +00:00,3388501,3392500,4000,2026-01-06 08:50:45.802252 +00:00
88,2026-01-06,-0.0000006900,-3.9470000000,0.0000172600,0.0000000000,0.0000167900,292.5000000000,0.0000000000,0.0000000000,0.0000000000,0.0000000000,0.0000174800,0.0000183000,0.0000165300,1419007.9000000000,24.4901518800,2025-12-14 05:23:26.742000 +00:00,2025-12-15 05:23:26.742000 +00:00,12801538,12805537,4000,2026-01-06 08:50:45.802252 +00:00
89,2026-01-06,0.0000000000,0.0000000000,0.0000000000,0.0000000000,0.0000000000,0.0000000000,0.0000000000,0.0000000000,0.0000000000,0.0000000000,0.0000000000,0.0000000000,0.0000000000,0.0000000000,0.0000000000,2025-12-14 05:23:26.742000 +00:00,2025-12-15 05:23:26.742000 +00:00,-1,-1,0,2026-01-06 08:50:45.802252 +00:00
90,2026-01-06,0.0000000000,0.0000000000,0.0000000000,0.0000000000,0.0000000000,0.0000000000,0.0000000000,0.0000000000,0.0000000000,0.0000000000,0.0000000000,0.0000000000,0.0000000000,0.0000000000,0.0000000000,2025-12-14 05:23:26.742000 +00:00,2025-12-15 05:23:26.742000 +00:00,-1,-1,0,2026-01-06 08:50:45.802252 +00:00
91,2026-01-06,0.0000021400,9.2920000000,0.0000244200,0.0000230200,0.0000251700,492.9000000000,0.0000251600,21498.2000000000,0.0000251700,4.2000000000,0.0000230300,0.0000257700,0.0000227900,13172311.1000000000,321.7212460400,2026-01-05 07:36:21.949000 +00:00,2026-01-06 07:36:21.949000 +00:00,190836288,190890512,54225,2026-01-06 08:50:45.802252 +00:00
92,2026-01-06,0.0000553000,8.1970000000,0.0007112800,0.0006748000,0.0007299000,583.4000000000,0.0007302000,2521.8000000000,0.0007303000,3767.6000000000,0.0006746000,0.0007503000,0.0006691000,3037846.4000000000,2160.7594948400,2026-01-05 07:36:21.957000 +00:00,2026-01-06 07:36:21.957000 +00:00,38167110,38186579,19470,2026-01-06 08:50:45.802252 +00:00
93,2026-01-06,0.0000000000,0.0000000000,0.0000000000,0.0000000000,0.0000000000,0.0000000000,0.0000000000,0.0000000000,0.0000000000,0.0000000000,0.0000000000,0.0000000000,0.0000000000,0.0000000000,0.0000000000,2025-12-14 05:23:26.742000 +00:00,2025-12-15 05:23:26.742000 +00:00,-1,-1,0,2026-01-06 08:50:45.802252 +00:00
94,2026-01-06,0.0000000000,0.0000000000,0.0000000000,0.0000000000,0.0000000000,0.0000000000,0.0000000000,0.0000000000,0.0000000000,0.0000000000,0.0000000000,0.0000000000,0.0000000000,0.0000000000,0.0000000000,2025-12-14 05:23:26.742000 +00:00,2025-12-15 05:23:26.742000 +00:00,-1,-1,0,2026-01-06 08:50:45.802252 +00:00
95,2026-01-06,-0.0000000400,-10.2560000000,0.0000003600,0.0000000000,0.0000003500,337.8000000000,0.0000000000,0.0000000000,0.0000000000,0.0000000000,0.0000003900,0.0000004300,0.0000002000,4607809.8000000000,1.6658563700,2025-12-14 05:23:26.742000 +00:00,2025-12-15 05:23:26.742000 +00:00,41459251,41463250,4000,2026-01-06 08:50:45.802252 +00:00
96,2026-01-06,-0.0000049100,-7.3690000000,0.0000653400,0.0000000000,0.0000617200,6657.0000000000,0.0000000000,0.0000000000,0.0000000000,0.0000000000,0.0000666300,0.0000716200,0.0000597400,2215992.5000000000,144.7953510100,2025-12-14 05:23:26.742000 +00:00,2025-12-15 05:23:26.742000 +00:00,7961587,7965586,4000,2026-01-06 08:50:45.802252 +00:00
97,2026-01-06,0.0000001500,10.5630000000,0.0000016200,0.0000014100,0.0000015700,1496.0000000000,0.0000015600,48708.0000000000,0.0000015700,8326.0000000000,0.0000014200,0.0000018200,0.0000014000,1719287.0000000000,2.7911648900,2026-01-05 07:35:11.209000 +00:00,2026-01-06 07:35:11.209000 +00:00,14725887,14728723,2837,2026-01-06 08:50:45.802252 +00:00
98,2026-01-06,0.0000000000,0.0000000000,0.0000000000,0.0000000000,0.0000000000,0.0000000000,0.0000000000,0.0000000000,0.0000000000,0.0000000000,0.0000000000,0.0000000000,0.0000000000,0.0000000000,0.0000000000,2025-12-14 05:23:26.742000 +00:00,2025-12-15 05:23:26.742000 +00:00,-1,-1,0,2026-01-06 08:50:45.802252 +00:00
99,2026-01-06,7.0900000000,0.7890000000,906.3307793300,898.6000000000,905.7000000000,1.7840000000,905.7000000000,46.9690000000,905.7100000000,10.8930000000,898.6100000000,916.5500000000,895.6000000000,119698.5580000000,108486487.3562400000,2026-01-05 07:36:22.092000 +00:00,2026-01-06 07:36:22.092000 +00:00,1372161688,1372985530,823843,2026-01-06 08:50:45.802252 +00:00